<?xml version="1.0"?>
<case>
<name>SZHGO v Minister for Immigration and Multicultural Affairs [2006] FCA 478 (2 May 2006)</name>
<AustLII>http://www.austlii.edu.au/au/cases/cth/FCA/2006/478.html</AustLII>
<catchphrases>
<catchphrase "id=c0">no point of principle</catchphrase>
<catchphrase "id=c1">immigration</catchphrase>
</catchphrases>
<sentences>
<sentence id="s0">
 
 1 This is an application for leave to appeal from a judgment of a Federal Magistrate of 6 February 2006 in which an application for judicial review was summarily dismissed: see SZHGO &amp; ORS V Minister for Immigration and Multicultural Affairs &amp; Anor [2006] FMCA 185.</sentence>
<sentence id="s1">The Federal Magistrate dismissed the application on several grounds, expressed as alternatives.</sentence>
<sentence id="s2">The grounds were that:
 
1.</sentence>
<sentence id="s3">The doctrine of res judicata applied and there was a complete bar to the application;
 
2.</sentence>
<sentence id="s4">The doctrine of issue estoppel applied and there was a complete bar to the application; 
 
 3.</sentence>
<sentence id="s5">Anshun estoppel applied and there were no special circumstances to justify its non application;
 
4.</sentence>
<sentence id="s6">The application was an abuse of process, pursuant to Rule 13.10(c) of the Federal Magistrates Court Rules 2001 (Cth).</sentence>
<sentence id="s7">2 Before the Federal Magistrate, the applicant sought to re-agitate issues substantially the same as those which had previously been litigated in both this Court and the High Court.</sentence>
<sentence id="s8">Details of the length history of litigation were recounted in her Honour's reasons at [2] to [9] and need not be repeated here.</sentence>
<sentence id="s9">3 There was no error attending the decision of the Magistrate to dismiss the application.</sentence>
<sentence id="s10">This application for leave is doomed to fail.</sentence>
<sentence id="s11">4 The only remaining matter is that the day prior to the hearing, a facsimile letter from was received by the registry of this Court from the first applicant.</sentence>
<sentence id="s12">The letter read:
 
 "I am not able to attend the hearing scheduled for Tuesday, 2 May 2006 at 10.15 am.</sentence>
<sentence id="s13">I am extremely sick and unfit.</sentence>
<sentence id="s14">This hearing is extremely important to my cause and I wish to be present at the hearing of my application.</sentence>
<sentence id="s15">Unfortunately, due to illness I am unable to attend.</sentence>
<sentence id="s16">I hereby fax my medical certificate for your kind consideration.</sentence>
<sentence id="s17">I kindly seek the indulgence of the Federal Court that another hearing date be facilitated.</sentence>
<sentence id="s18">If you require any further information please do not hesitate to contact me on phone number [number is given] .</sentence>
<sentence id="s19">" 

5 The enclosed medical certificate was from a Dr Rajesh Dinikar of the Blaxland Family Medical Practice.</sentence>
<sentence id="s20">It records that the applicant is "suffering from tonsillitis and is unfit to work".</sentence>
<sentence id="s21">It is insufficient evidence, in my opinion, to sustain a finding that it was reasonable for the applicant not to attend the hearing, and certainly would not have precluded the applicant having someone attend on his behalf.</sentence>
<sentence id="s22">This documentation provides an insufficient basis to adjourn the application which is the import of the letter from the applicant.</sentence>
<sentence id="s23">Also my associate contacted the applicant this morning by telephone.</sentence>
<sentence id="s24">The applicant repeated that he was too ill to attend and secondly, would not be able to attend even if the matter was stood down for hearing later in the day.</sentence>
<sentence id="s25">6 The application for an adjournment is refused and the application is dismissed.</sentence>
<sentence id="s26">The applicant should pay the respondent's costs of the application, which are fixed in the sum of $846.</sentence>
<sentence id="s27">
 
 I certify that the preceding six (6) numbered paragraphs are a true copy of the Reasons for Judgment herein of the Honourable Justice Moore.</sentence>
<sentence id="s28">Associate:

Dated: 6 June 2006


 Solicitor for the Respondent: Sparke Helmore 
 
 Date of Hearing: 2 May 2006 
 
 Date of Judgment: 2 May 2006 



 

 
 AustLII: Copyright Policy | Disclaimers | Privacy Policy | Feedback 
 URL: http://www.austlii.edu.au/au/cases/cth/FCA/2006/478.html 
 
 </sentence>
</sentences>
</case>